sub0, topic1, 10007, 0.125245669382, 7, 0.392983145758, 17936, 9164, 328.035028372
sub0, topic2, 10002, 5.59322336483, 3, 0.153292155809, 17816, 12685, 17.9789515175
sub0, topic0, 10001, 6.18504376191, 3, 0.153292155809, 18012, 12881, 15.2838288953
sub0, topic5, 10003, 5.51679241259, 3, 0.153292155809, 17730, 12603, 15.9291438546
sub0, topic6, 10004, 4.39949317899, 4, 0.220887136391, 17864, 11786, 20.5548107925
sub0, topic3, 10005, 2.99984825577, 4, 0.220887136391, 18098, 11930, 20.6108130763
sub0, topic4, 10006, 0.199845373953, 7, 0.392983145758, 18151, 9119, 335.489417699
sub1, topic1, 10005, 4.46392020282, 3, 0.153292155809, 17936, 12917, 10.8508941705
sub1, topic2, 10006, 1.86695128532, 5, 0.283085826586, 17816, 10985, 47.2791989076
sub1, topic0, 10007, 0.226196586571, 7, 0.392983145758, 18012, 9187, 330.390769566
sub1, topic5, 10003, 5.43995866844, 3, 0.153292155809, 17730, 12723, 16.9021457203
sub1, topic6, 10001, 16.0896478776, 1, 0.0, 17864, 15157, 10.8925908821
sub1, topic3, 10004, 5.16377419501, 3, 0.153292155809, 18098, 13127, 17.530890531
sub1, topic4, 10002, 7.27640700868, 2, 0.0798327085845, 18151, 14231, 12.7838521537
sub2, topic1, 10003, 3.9365213696, 4, 0.220887136391, 17936, 11954, 23.9940605655
sub2, topic2, 10002, 6.64511978417, 2, 0.0798327085845, 17816, 14147, 10.459673429
sub2, topic0, 10007, 0.0623562960014, 7, 0.392983145758, 18012, 9350, 335.620962567
sub2, topic5, 10005, 1.63811968449, 6, 0.340319026872, 17730, 9920, 108.326814516
sub2, topic6, 10006, 0.22709666138, 7, 0.392983145758, 17864, 9161, 336.75406615
sub2, topic3, 10004, 2.29077705967, 5, 0.283085826586, 18098, 11256, 45.5963041933
sub2, topic4, 10001, 14.5900429138, 1, 0.0, 18151, 15472, 11.4169467425
sub3, topic1, 10007, 1.19416208325, 6, 0.340319026872, 17936, 10162, 116.709702814
sub3, topic2, 10003, 4.99770566974, 3, 0.153292155809, 17816, 12987, 13.9409409409
sub3, topic0, 10001, 6.09355882401, 3, 0.153292155809, 18012, 13159, 15.4874230565
sub3, topic5, 10005, 2.57926826129, 5, 0.283085826586, 17730, 10849, 45.9859894921
sub3, topic6, 10006, 2.52281089957, 5, 0.283085826586, 17864, 11040, 45.5434782609
sub3, topic3, 10002, 5.90208101043, 3, 0.153292155809, 18098, 13217, 15.1757584929
sub3, topic4, 10004, 3.54136477688, 4, 0.220887136391, 18151, 12131, 25.6145412579
sub4, topic1, 10003, 3.41712207799, 4, 0.220887136391, 17936, 12225, 28.2869529652
sub4, topic2, 10001, 8.52940084816, 2, 0.0798327085845, 17816, 14433, 11.1987805723
sub4, topic0, 10004, 3.17207100445, 4, 0.220887136391, 18012, 12273, 22.5723946875
sub4, topic5, 10006, 2.24212248358, 5, 0.283085826586, 17730, 11012, 50.2450054486
sub4, topic6, 10007, 0.479131042496, 7, 0.392983145758, 17864, 9350, 327.215187166
sub4, topic3, 10005, 3.07384449698, 4, 0.220887136391, 18098, 12195, 20.8096760968
sub4, topic4, 10002, 5.56455939543, 3, 0.153292155809, 18151, 13395, 18.1665546846
sub5, topic1, 10002, 3.84049873487, 4, 0.220887136391, 17936, 12235, 27.4092357989
sub5, topic2, 10001, 7.40850482443, 2, 0.0798327085845, 17816, 14444, 11.1372196068
sub5, topic0, 10004, 2.95121661929, 4, 0.220887136391, 18012, 12287, 27.0945714983
sub5, topic5, 10003, 3.67881655029, 4, 0.220887136391, 17730, 12007, 27.3988506704
sub5, topic6, 10007, 1.31781196572, 6, 0.340319026872, 17864, 10378, 108.45972249
sub5, topic3, 10006, 1.66161280316, 6, 0.340319026872, 18098, 10458, 108.410786001
sub5, topic4, 10005, 2.55998072822, 5, 0.283085826586, 18151, 11420, 46.6760070053
sub6, topic1, 10004, 7.93484158973, 2, 0.0798327085845, 17936, 14632, 9.21910880262
sub6, topic2, 10006, 3.75533552715, 4, 0.220887136391, 17816, 12175, 27.6340862423
sub6, topic0, 10001, 21.4610790979, 1, 0.0, 18012, 15825, 11.6105529226
sub6, topic5, 10005, 6.74180298694, 2, 0.0798327085845, 17730, 14401, 7.58815360044
sub6, topic6, 10003, 10.4683520941, 1, 0.0, 17864, 15637, 9.55279145616
sub6, topic3, 10002, 11.146665457, 1, 0.0, 18098, 15879, 10.2687196927
sub6, topic4, 10007, 2.48041169186, 5, 0.283085826586, 18151, 11370, 53.809762533
sub7, topic1, 10006, 7.71220466714, 2, 0.0798327085845, 17936, 14660, 9.13431105048
sub7, topic2, 10002, 16.8127753336, 1, 0.0, 17816, 15673, 11.597907229
sub7, topic0, 10004, 10.7851273409, 1, 0.0, 18012, 15898, 10.2872688388
sub7, topic5, 10005, 8.53069727298, 2, 0.0798327085845, 17730, 14475, 8.04621761658
sub7, topic6, 10001, 18.1713318583, 1, 0.0, 17864, 15708, 11.4270435447
sub7, topic3, 10003, 16.1191717113, 1, 0.0, 18098, 15940, 9.6873902133
sub7, topic4, 10007, 2.00170522066, 5, 0.283085826586, 18151, 11483, 53.970129757
sub8, topic1, 10003, 11.1057178454, 1, 0.0, 17936, 15873, 13.0908460908
sub8, topic2, 10006, 1.72879330284, 6, 0.340319026872, 17816, 10398, 109.708116946
sub8, topic0, 10007, 1.54146315777, 6, 0.340319026872, 18012, 10666, 109.140727545
sub8, topic5, 10004, 5.77623239907, 3, 0.153292155809, 17730, 13327, 11.4328055827
sub8, topic6, 10001, 13.6704186892, 1, 0.0, 17864, 15783, 11.1343850979
sub8, topic3, 10005, 1.79545077728, 5, 0.283085826586, 18098, 11570, 43.7203975799
sub8, topic4, 10002, 12.3460176148, 1, 0.0, 18151, 16028, 13.3771524832
sub9, topic1, 10007, 0.0644221441284, 7, 0.392983145758, 17936, 9676, 316.088776354
sub9, topic2, 10006, 1.26722540087, 6, 0.340319026872, 17816, 10510, 107.648334919
sub9, topic0, 10004, 4.03656117755, 4, 0.220887136391, 18012, 12593, 27.7011037878
sub9, topic5, 10002, 6.04853914284, 3, 0.153292155809, 17730, 13388, 15.0780549746
sub9, topic6, 10003, 5.36729153115, 3, 0.153292155809, 17864, 13605, 16.8063212054
sub9, topic3, 10001, 10.5781589752, 1, 0.0, 18098, 16178, 11.275992088
sub9, topic4, 10005, 2.96938838042, 4, 0.220887136391, 18151, 12645, 22.8166864373
sub10, topic1, 10002, 6.71276879064, 2, 0.0798327085845, 17936, 15029, 9.6015037594
sub10, topic2, 10003, 5.03543242207, 3, 0.153292155809, 17816, 13636, 15.5353476093
sub10, topic0, 10007, 0.791991213454, 7, 0.392983145758, 18012, 9698, 312.596514745
sub10, topic5, 10001, 11.9347947667, 1, 0.0, 17730, 15931, 9.77101249137
sub10, topic6, 10004, 3.25335315503, 4, 0.220887136391, 17864, 12573, 26.9204644874
sub10, topic3, 10005, 1.46746368347, 6, 0.340319026872, 18098, 10848, 114.087573746
sub10, topic4, 10006, 1.42357515023, 6, 0.340319026872, 18151, 10792, 113.694866568
sub11, topic1, 10003, 2.8607993333, 5, 0.283085826586, 17936, 11649, 50.9690102155
sub11, topic2, 10006, 1.53416954289, 6, 0.340319026872, 17816, 10620, 112.159227872
sub11, topic0, 10005, 1.53433953034, 6, 0.340319026872, 18012, 10672, 110.593609445
sub11, topic5, 10007, 0.475271674157, 7, 0.392983145758, 17730, 9546, 327.569976954
sub11, topic6, 10002, 4.70409979304, 3, 0.153292155809, 17864, 13771, 14.3155181178
sub11, topic3, 10001, 6.00946382333, 3, 0.153292155809, 18098, 13856, 12.8578954965
sub11, topic4, 10004, 1.54737107592, 6, 0.340319026872, 18151, 10882, 112.412975556
sub12, topic1, 10006, 2.46586633129, 5, 0.283085826586, 17936, 11782, 49.0221524359
sub12, topic2, 10005, 7.20511263901, 2, 0.0798327085845, 17816, 15066, 10.1798752157
sub12, topic0, 10004, 7.70918827547, 2, 0.0798327085845, 18012, 15229, 11.2755269552
sub12, topic5, 10001, 21.3059649154, 1, 0.0, 17730, 16113, 12.7111648979
sub12, topic6, 10003, 10.2020747568, 1, 0.0, 17864, 16248, 11.771910389
sub12, topic3, 10007, 2.1258088081, 5, 0.283085826586, 18098, 11967, 43.9234561711
sub12, topic4, 10002, 15.7954034517, 1, 0.0, 18151, 16514, 12.3524887974
sub13, topic1, 10001, 5.52451315823, 3, 0.153292155809, 17936, 14087, 11.7460069568
sub13, topic2, 10002, 3.66212167418, 4, 0.220887136391, 17816, 12780, 26.6010954617
sub13, topic0, 10006, 0.754645829291, 7, 0.392983145758, 18012, 9988, 316.51371646
sub13, topic5, 10003, 2.87029910945, 5, 0.283085826586, 17730, 11680, 51.76875
sub13, topic6, 10005, 0.840745886823, 7, 0.392983145758, 17864, 9766, 324.647552734
sub13, topic3, 10007, 0.0619069734678, 7, 0.392983145758, 18098, 9974, 309.606978143
sub13, topic4, 10004, 1.13776106127, 6, 0.340319026872, 18151, 10954, 111.226310024
sub14, topic1, 10005, 5.52488602208, 3, 0.153292155809, 17936, 14016, 14.6798658676
sub14, topic2, 10002, 8.12380309239, 2, 0.0798327085845, 17816, 15247, 8.98904702564
sub14, topic0, 10007, 0.167617707308, 7, 0.392983145758, 18012, 10079, 315.645202897
sub14, topic5, 10006, 3.20475732994, 4, 0.220887136391, 17730, 12729, 26.3215492183
sub14, topic6, 10001, 18.0073299754, 1, 0.0, 17864, 16425, 8.01260273973
sub14, topic3, 10003, 6.10885472281, 3, 0.153292155809, 18098, 14255, 16.2215363031
sub14, topic4, 10004, 6.04764358183, 3, 0.153292155809, 18151, 14236, 18.0667322282
sub15, topic1, 10001, 11.8125524516, 1, 0.0, 17936, 16589, 7.77075170294
sub15, topic2, 10003, 6.84312699184, 2, 0.0798327085845, 17816, 15312, 9.82464733542
sub15, topic0, 10006, 4.12548786562, 4, 0.220887136391, 18012, 12951, 26.8772295576
sub15, topic5, 10004, 6.31850302672, 3, 0.153292155809, 17730, 13873, 15.2963310027
sub15, topic6, 10005, 5.64399090797, 3, 0.153292155809, 17864, 13946, 15.4602036426
sub15, topic3, 10007, 0.256129679014, 7, 0.392983145758, 18098, 9950, 318.994572864
sub15, topic4, 10002, 8.27048274372, 2, 0.0798327085845, 18151, 15590, 10.3565747274
sub16, topic1, 10003, 4.12350850392, 4, 0.220887136391, 17936, 13072, 22.9180691554
sub16, topic2, 10004, 2.91197656878, 4, 0.220887136391, 17816, 12942, 24.3918250657
sub16, topic0, 10001, 11.3081642033, 1, 0.0, 18012, 16732, 8.1072794645
sub16, topic5, 10007, 0.972222076362, 6, 0.340319026872, 17730, 10849, 112.044428058
sub16, topic6, 10002, 6.42554146898, 2, 0.0798327085845, 17864, 15375, 9.44227642276
sub16, topic3, 10005, 2.61192664737, 5, 0.283085826586, 18098, 12073, 48.7418205914
sub16, topic4, 10006, 2.5900423271, 5, 0.283085826586, 18151, 12021, 51.0750353548
sub17, topic1, 10005, 1.09978338427, 6, 0.340319026872, 17936, 11040, 112.391576087
sub17, topic2, 10002, 6.39892644103, 2, 0.0798327085845, 17816, 15379, 13.9036998504
sub17, topic0, 10003, 3.40033621787, 4, 0.220887136391, 18012, 13063, 25.6072112072
sub17, topic5, 10007, 0.347149316653, 7, 0.392983145758, 17730, 9894, 311.683444512
sub17, topic6, 10006, 0.9960432534, 6, 0.340319026872, 17864, 11023, 106.300190511
sub17, topic3, 10001, 8.4118437422, 2, 0.0798327085845, 18098, 15637, 8.43870307604
sub17, topic4, 10004, 2.58681367568, 5, 0.283085826586, 18151, 12098, 51.4144486692
sub18, topic1, 10002, 5.91067772801, 3, 0.153292155809, 17936, 14207, 12.1987752516
sub18, topic2, 10006, 0.987516032817, 6, 0.340319026872, 17816, 11033, 110.266745219
sub18, topic0, 10005, 1.22561411129, 6, 0.340319026872, 18012, 11156, 109.297866619
sub18, topic5, 10007, 0.362330285027, 7, 0.392983145758, 17730, 10059, 312.861019982
sub18, topic6, 10003, 4.27173809265, 4, 0.220887136391, 17864, 12994, 25.9225796521
sub18, topic3, 10001, 7.85121049442, 2, 0.0798327085845, 18098, 15750, 8.28431746032
sub18, topic4, 10004, 2.51052521442, 5, 0.283085826586, 18151, 12183, 52.8382171879
sub19, topic1, 10002, 1.81964571771, 5, 0.283085826586, 17936, 12109, 50.4547031134
sub19, topic2, 10004, 1.26174482268, 6, 0.340319026872, 17816, 11075, 109.773724605
sub19, topic0, 10006, 0.510029582094, 7, 0.392983145758, 18012, 10208, 321.93955721
sub19, topic5, 10001, 26.3206354024, 1, 0.0, 17730, 16642, 7.65647157794
sub19, topic6, 10005, 0.668660062588, 7, 0.392983145758, 17864, 10186, 315.349401139
sub19, topic3, 10007, 0.401722059655, 7, 0.392983145758, 18098, 10157, 310.684552525
sub19, topic4, 10003, 1.45634786235, 6, 0.340319026872, 18151, 11205, 106.847835788
sub20, topic1, 10002, 6.30396942107, 3, 0.153292155809, 17936, 14536, 16.9409741332
sub20, topic2, 10005, 4.28900361411, 4, 0.220887136391, 17816, 13196, 23.5839648378
sub20, topic0, 10003, 5.18888146419, 3, 0.153292155809, 18012, 14540, 12.0097661623
sub20, topic5, 10006, 1.64506046062, 6, 0.340319026872, 17730, 11182, 107.804238955
sub20, topic6, 10004, 5.09488416876, 3, 0.153292155809, 17864, 14318, 12.5177399078
sub20, topic3, 10001, 9.46298351992, 2, 0.0798327085845, 18098, 15949, 13.0144836667
sub20, topic4, 10007, 0.122755152888, 7, 0.392983145758, 18151, 10391, 311.036762583
sub21, topic1, 10001, 7.18530382195, 2, 0.0798327085845, 17936, 15833, 10.5090633487
sub21, topic2, 10005, 6.96322604974, 2, 0.0798327085845, 17816, 15745, 13.0308669419
sub21, topic0, 10002, 7.14198204725, 2, 0.0798327085845, 18012, 15883, 9.55008499654
sub21, topic5, 10003, 7.04395870147, 2, 0.0798327085845, 17730, 15682, 12.8171151639
sub21, topic6, 10007, 0.264829803457, 7, 0.392983145758, 17864, 10181, 310.421176702
sub21, topic3, 10006, 0.997301271499, 6, 0.340319026872, 18098, 11430, 109.056517935
sub21, topic4, 10004, 7.02902213272, 2, 0.0798327085845, 18151, 16046, 14.3444472143
sub22, topic1, 10004, 3.93913833948, 4, 0.220887136391, 17936, 13564, 21.6840165143
sub22, topic2, 10006, 2.55235864952, 5, 0.283085826586, 17816, 12315, 50.3933414535
sub22, topic0, 10007, 1.02141223271, 6, 0.340319026872, 18012, 11438, 107.732645567
sub22, topic5, 10003, 4.20892110432, 4, 0.220887136391, 17730, 13214, 20.793552293
sub22, topic6, 10002, 4.93416031135, 3, 0.153292155809, 17864, 14556, 10.066776587
sub22, topic3, 10001, 8.9506761211, 2, 0.0798327085845, 18098, 16112, 10.2292080437
sub22, topic4, 10005, 3.59561766817, 4, 0.220887136391, 18151, 13507, 27.5849559488
sub23, topic1, 10005, 1.05087015942, 6, 0.340319026872, 17936, 11403, 105.370428835
sub23, topic2, 10002, 5.50810146304, 3, 0.153292155809, 17816, 14721, 12.9223558182
sub23, topic0, 10003, 4.25834886134, 4, 0.220887136391, 18012, 13594, 20.5620126526
sub23, topic5, 10001, 6.1055316956, 3, 0.153292155809, 17730, 14567, 10.3995331915
sub23, topic6, 10006, 0.824616636306, 7, 0.392983145758, 17864, 10357, 309.349811722
sub23, topic3, 10004, 2.18398754925, 5, 0.283085826586, 18098, 12574, 46.2626053762
sub23, topic4, 10007, 0.776649358743, 7, 0.392983145758, 18151, 10660, 307.313602251
sub24, topic1, 10006, 4.16925754907, 4, 0.220887136391, 17936, 13573, 24.4881750534
sub24, topic2, 10001, 26.3181731319, 1, 0.0, 17816, 17348, 12.1905118746
sub24, topic0, 10003, 16.6466340053, 1, 0.0, 18012, 17485, 8.24929939949
sub24, topic5, 10004, 5.44686300868, 3, 0.153292155809, 17730, 14633, 10.923050639
sub24, topic6, 10005, 5.16966524146, 3, 0.153292155809, 17864, 14737, 13.0680599851
sub24, topic3, 10002, 17.2050509315, 1, 0.0, 18098, 17570, 13.3570290268
sub24, topic4, 10007, 4.10444415646, 4, 0.220887136391, 18151, 13688, 24.9308883694
sub25, topic1, 10005, 1.88449575029, 5, 0.283085826586, 17936, 12533, 51.3229873135
sub25, topic2, 10007, 1.01687141223, 6, 0.340319026872, 17816, 11461, 104.105749935
sub25, topic0, 10002, 7.44857861177, 2, 0.0798327085845, 18012, 16329, 9.92283667095
sub25, topic5, 10004, 4.93257421814, 3, 0.153292155809, 17730, 14643, 17.0542238612
sub25, topic6, 10006, 1.5406445658, 6, 0.340319026872, 17864, 11378, 107.763403059
sub25, topic3, 10003, 5.24036865705, 3, 0.153292155809, 18098, 14995, 10.7912637546
sub25, topic4, 10001, 11.2044089531, 1, 0.0, 18151, 17683, 9.65667590341
sub26, topic1, 10001, 33.3492843068, 1, 0.0, 17936, 17512, 9.85632709
sub26, topic2, 10006, 2.13300168512, 5, 0.283085826586, 17816, 12546, 49.4899569584
sub26, topic0, 10002, 9.45800360067, 2, 0.0798327085845, 18012, 16326, 11.1404508147
sub26, topic5, 10004, 5.76550482948, 3, 0.153292155809, 17730, 14658, 10.7540592168
sub26, topic6, 10003, 5.78918854024, 3, 0.153292155809, 17864, 14801, 11.2732247821
sub26, topic3, 10005, 5.68738326729, 3, 0.153292155809, 18098, 14974, 16.1797782824
sub26, topic4, 10007, 1.76930503548, 6, 0.340319026872, 18151, 11733, 107.664365465
sub27, topic1, 10003, 3.7375774783, 4, 0.220887136391, 17936, 13697, 20.225596846
sub27, topic2, 10001, 26.6844132565, 1, 0.0, 17816, 17519, 12.0889890976
sub27, topic0, 10004, 2.67097840749, 5, 0.283085826586, 18012, 12831, 47.3648195776
sub27, topic5, 10002, 4.69042877545, 3, 0.153292155809, 17730, 14822, 10.7383618945
sub27, topic6, 10007, 1.14977327853, 6, 0.340319026872, 17864, 11571, 104.718434016
sub27, topic3, 10005, 1.98112398451, 5, 0.283085826586, 18098, 12810, 44.8071038251
sub27, topic4, 10006, 1.44406788033, 6, 0.340319026872, 18151, 11751, 107.637732959
sub28, topic1, 10002, 12.6083292694, 1, 0.0, 17936, 17739, 13.0593607306
sub28, topic2, 10005, 3.09148079856, 4, 0.220887136391, 17816, 13750, 22.8885090909
sub28, topic0, 10003, 5.21268458264, 3, 0.153292155809, 18012, 15101, 11.2746837958
sub28, topic5, 10007, 0.999668414538, 6, 0.340319026872, 17730, 11508, 105.133037887
sub28, topic6, 10006, 2.49415390855, 5, 0.283085826586, 17864, 12676, 44.8830072578
sub28, topic3, 10001, 16.0790092817, 1, 0.0, 18098, 17887, 12.188740426
sub28, topic4, 10004, 5.08000152193, 3, 0.153292155809, 18151, 15236, 12.1936203728
sub29, topic1, 10006, 2.04921309878, 5, 0.283085826586, 17936, 12799, 49.2658020158
sub29, topic2, 10001, 18.2216079849, 1, 0.0, 17816, 17686, 8.64225941423
sub29, topic0, 10007, 0.168705277056, 7, 0.392983145758, 18012, 10858, 298.671210168
sub29, topic5, 10005, 2.10033220562, 5, 0.283085826586, 17730, 12517, 49.013102181
sub29, topic6, 10002, 15.2893555145, 1, 0.0, 17864, 17729, 8.31772801624
sub29, topic3, 10004, 4.6274009267, 3, 0.153292155809, 18098, 15279, 16.7962562995
sub29, topic4, 10003, 11.0312872633, 1, 0.0, 18151, 18009, 8.0366483425
sub30, topic1, 10003, 6.65445697874, 2, 0.0798327085845, 17936, 16664, 10.1637662026
sub30, topic2, 10005, 5.79131910374, 3, 0.153292155809, 17816, 15108, 10.8383637808
sub30, topic0, 10002, 6.81206285926, 2, 0.0798327085845, 18012, 16689, 12.108814189
sub30, topic5, 10007, 1.48303720962, 6, 0.340319026872, 17730, 11549, 107.888908131
sub30, topic6, 10004, 6.45277487873, 2, 0.0798327085845, 17864, 16593, 7.75700596637
sub30, topic3, 10006, 3.84524376431, 4, 0.220887136391, 18098, 14127, 20.8748495788
sub30, topic4, 10001, 13.8173496659, 1, 0.0, 18151, 18124, 10.8650408298
sub31, topic1, 10003, 4.90708946609, 3, 0.153292155809, 17936, 15264, 15.9443789308
sub31, topic2, 10004, 3.4494808336, 4, 0.220887136391, 17816, 13929, 21.3977313519
sub31, topic0, 10006, 0.738097638291, 7, 0.392983145758, 18012, 10815, 300.508922792
sub31, topic5, 10005, 2.80520896924, 5, 0.283085826586, 17730, 12778, 45.302394741
sub31, topic6, 10007, 0.285098877457, 7, 0.392983145758, 17864, 10774, 290.907555226
sub31, topic3, 10001, 8.03336861985, 2, 0.0798327085845, 18098, 16829, 13.257591063
sub31, topic4, 10002, 7.08908910319, 2, 0.0798327085845, 18151, 16868, 12.6116314916
sub32, topic1, 10001, 17.2467534431, 1, 0.0, 17936, 17936, 10.7033340767
sub32, topic2, 10006, 0.429460956688, 7, 0.392983145758, 17816, 10716, 294.29497947
sub32, topic0, 10005, 5.74272952326, 3, 0.153292155809, 18012, 15328, 11.4465683716
sub32, topic5, 10002, 14.9986889932, 1, 0.0, 17730, 17730, 11.5322617033
sub32, topic6, 10004, 7.51355213904, 2, 0.0798327085845, 17864, 16603, 7.60736011564
sub32, topic3, 10003, 10.5366886594, 1, 0.0, 18098, 18098, 12.3151176926
sub32, topic4, 10007, 0.213572936509, 7, 0.392983145758, 18151, 10928, 291.303989751
sub33, topic1, 10003, 3.41478864094, 4, 0.220887136391, 17936, 13921, 21.9667408951
sub33, topic2, 10006, 0.390827212935, 7, 0.392983145758, 17816, 10839, 300.721284251
sub33, topic0, 10004, 2.27468938478, 5, 0.283085826586, 18012, 13005, 44.6818146867
sub33, topic5, 10002, 3.86034215292, 4, 0.220887136391, 17730, 13842, 20.9727640514
sub33, topic6, 10005, 1.89554553803, 5, 0.283085826586, 17864, 12896, 40.934941067
sub33, topic3, 10007, 0.172994541914, 7, 0.392983145758, 18098, 10897, 294.166100762
sub33, topic4, 10001, 8.16416682538, 2, 0.0798327085845, 18151, 16889, 10.0786902718
sub34, topic1, 10007, 1.0356252276, 6, 0.340319026872, 17936, 11822, 107.668922348
sub34, topic2, 10003, 19.2299056632, 1, 0.0, 17816, 17816, 9.12634710373
sub34, topic0, 10002, 22.5059198298, 1, 0.0, 18012, 18012, 11.5067732623
sub34, topic5, 10001, 22.867281436, 1, 0.0, 17730, 17730, 10.8012408347
sub34, topic6, 10006, 1.67734809768, 6, 0.340319026872, 17864, 11808, 98.443851626
sub34, topic3, 10005, 5.48495409772, 3, 0.153292155809, 18098, 15375, 10.0100813008
sub34, topic4, 10004, 9.13294938309, 2, 0.0798327085845, 18151, 16882, 10.3766141452
sub35, topic1, 10003, 7.41636368808, 2, 0.0798327085845, 17936, 16717, 12.4580965484
sub35, topic2, 10002, 9.81085095921, 2, 0.0798327085845, 17816, 16549, 13.4397244546
sub35, topic0, 10005, 3.43258142838, 4, 0.220887136391, 18012, 14031, 20.7210462547
sub35, topic5, 10004, 4.48901489504, 3, 0.153292155809, 17730, 15085, 10.6176997017
sub35, topic6, 10006, 2.43224948568, 5, 0.283085826586, 17864, 12863, 45.093679546
sub35, topic3, 10007, 0.137862163724, 7, 0.392983145758, 18098, 10887, 290.138697529
sub35, topic4, 10001, 14.3437896928, 1, 0.0, 18151, 18151, 10.5155638808
sub36, topic1, 10005, 1.45682552767, 6, 0.340319026872, 17936, 11787, 101.154916433
sub36, topic2, 10003, 7.28159120356, 2, 0.0798327085845, 17816, 16561, 12.40794638
sub36, topic0, 10001, 13.2748131601, 1, 0.0, 18012, 18012, 10.3851876527
sub36, topic5, 10007, 0.344518478416, 7, 0.392983145758, 17730, 10696, 289.56394914
sub36, topic6, 10002, 9.82150413925, 2, 0.0798327085845, 17864, 16642, 12.4772262949
sub36, topic3, 10006, 0.707090750135, 7, 0.392983145758, 18098, 10847, 286.947635291
sub36, topic4, 10004, 4.21942558479, 4, 0.220887136391, 18151, 14069, 27.2634870993
sub37, topic1, 10006, 0.936063320558, 6, 0.340319026872, 17936, 11875, 109.348631579
sub37, topic2, 10003, 2.26310209027, 5, 0.283085826586, 17816, 12779, 44.8685343141
sub37, topic0, 10007, 0.678379283693, 7, 0.392983145758, 18012, 10793, 302.116093764
sub37, topic5, 10004, 1.86803333895, 5, 0.283085826586, 17730, 12700, 42.9731496063
sub37, topic6, 10005, 1.6082804683, 6, 0.340319026872, 17864, 11967, 97.6064176485
sub37, topic3, 10001, 9.87369827801, 2, 0.0798327085845, 18098, 16846, 10.668704737
sub37, topic4, 10002, 2.72884047192, 5, 0.283085826586, 18151, 13064, 46.5494488671
sub38, topic1, 10005, 2.71768083158, 5, 0.283085826586, 17936, 12929, 42.9870059556
sub38, topic2, 10006, 0.0695174738752, 7, 0.392983145758, 17816, 10713, 296.589657426
sub38, topic0, 10007, 0.0644136222115, 7, 0.392983145758, 18012, 10783, 300.163961792
sub38, topic5, 10003, 3.46567757085, 4, 0.220887136391, 17730, 13848, 22.3024985557
sub38, topic6, 10002, 4.16748960732, 4, 0.220887136391, 17864, 13941, 24.0584606556
sub38, topic3, 10004, 2.7528442284, 5, 0.283085826586, 18098, 12986, 44.8229631911
sub38, topic4, 10001, 6.85972538577, 2, 0.0798327085845, 18151, 16884, 11.0521203506
sub39, topic1, 10003, 5.50004364836, 3, 0.153292155809, 17936, 15213, 15.6753434563
sub39, topic2, 10007, 0.787190787251, 7, 0.392983145758, 17816, 10709, 292.751050518
sub39, topic0, 10006, 1.13090641731, 6, 0.340319026872, 18012, 11893, 102.438156899
sub39, topic5, 10002, 9.95048043713, 2, 0.0798327085845, 17730, 16504, 13.1616577799
sub39, topic6, 10001, 13.3897975385, 1, 0.0, 17864, 17864, 10.7957904165
sub39, topic3, 10005, 2.35417899293, 5, 0.283085826586, 18098, 13070, 40.4156082632
sub39, topic4, 10004, 3.69036469921, 4, 0.220887136391, 18151, 14062, 22.4889062722
sub40, topic1, 10001, 13.4568833459, 1, 0.0, 17936, 17935, 10.2521327014
sub40, topic2, 10003, 7.05999094806, 2, 0.0798327085845, 17816, 16540, 10.9084038694
sub40, topic0, 10005, 3.01032278106, 4, 0.220887136391, 18012, 14116, 24.9608245962
sub40, topic5, 10002, 8.3753424622, 2, 0.0798327085845, 17730, 16511, 10.5512082854
sub40, topic6, 10006, 1.8038207353, 5, 0.283085826586, 17864, 12921, 40.9096819132
sub40, topic3, 10004, 3.67133927961, 4, 0.220887136391, 18098, 14064, 24.1584897611
sub40, topic4, 10007, 0.282770513442, 7, 0.392983145758, 18151, 10905, 290.61824851
sub41, topic1, 10001, 15.1769977275, 1, 0.0, 17936, 17936, 11.1483050847
sub41, topic2, 10004, 1.53825750623, 6, 0.340319026872, 17816, 11752, 102.078369639
sub41, topic0, 10007, 0.671094428512, 7, 0.392983145758, 18012, 10807, 292.444434163
sub41, topic5, 10006, 0.802316161178, 7, 0.392983145758, 17730, 10709, 292.566065926
sub41, topic6, 10005, 1.4366227644, 6, 0.340319026872, 17864, 11771, 98.5554328434
sub41, topic3, 10003, 1.9425566541, 5, 0.283085826586, 18098, 12915, 44.2991869919
sub41, topic4, 10002, 8.20161768022, 2, 0.0798327085845, 18151, 16860, 10.5196322657
sub42, topic1, 10007, 3.4313208276, 4, 0.220887136391, 17936, 13832, 18.8778195489
sub42, topic2, 10002, 10.0019275523, 2, 0.0798327085845, 17816, 16614, 10.0852895149
sub42, topic0, 10001, 11.2417527536, 1, 0.0, 18012, 18012, 12.1404063957
sub42, topic5, 10005, 5.50527676182, 3, 0.153292155809, 17730, 15058, 12.8339752955
sub42, topic6, 10003, 7.0224682492, 2, 0.0798327085845, 17864, 16629, 11.9428708882
sub42, topic3, 10004, 5.69210647869, 3, 0.153292155809, 18098, 15398, 14.0720872841
sub42, topic4, 10006, 5.15111865933, 3, 0.153292155809, 18151, 15460, 14.2185640362
sub43, topic1, 10007, 1.25390596414, 6, 0.340319026872, 17936, 11860, 100.501011804
sub43, topic2, 10006, 1.30862523159, 6, 0.340319026872, 17816, 11815, 100.006432501
sub43, topic0, 10001, 14.8641520026, 1, 0.0, 18012, 18012, 9.39995558517
sub43, topic5, 10002, 12.9007615586, 1, 0.0, 17730, 17730, 10.4095882685
sub43, topic6, 10004, 7.91591991026, 2, 0.0798327085845, 17864, 16617, 13.26039598
sub43, topic3, 10005, 7.73565515714, 2, 0.0798327085845, 18098, 16873, 12.306347419
sub43, topic4, 10003, 12.2627370478, 1, 0.0, 18151, 18151, 12.5887829872
sub44, topic1, 10005, 1.38592645296, 6, 0.340319026872, 17936, 11801, 106.528599271
sub44, topic2, 10004, 1.5644923475, 6, 0.340319026872, 17816, 11725, 103.320767591
sub44, topic0, 10002, 2.06802491589, 5, 0.283085826586, 18012, 12945, 46.7018926226
sub44, topic5, 10003, 1.73009907523, 6, 0.340319026872, 17730, 11679, 104.872163713
sub44, topic6, 10001, 6.82599199878, 2, 0.0798327085845, 17864, 16604, 10.6416526138
sub44, topic3, 10006, 1.01999642224, 6, 0.340319026872, 18098, 11921, 106.792215418
sub44, topic4, 10007, 0.328312100115, 7, 0.392983145758, 18151, 10932, 291.594127333
sub45, topic1, 10004, 2.72951638183, 5, 0.283085826586, 17936, 12860, 49.2259720062
sub45, topic2, 10003, 3.24550934799, 4, 0.220887136391, 17816, 13816, 24.0892443544
sub45, topic0, 10002, 5.46427940819, 3, 0.153292155809, 18012, 15315, 15.3186418544
sub45, topic5, 10005, 2.20094038269, 5, 0.283085826586, 17730, 12772, 44.7860945819
sub45, topic6, 10001, 10.5056173426, 1, 0.0, 17864, 17864, 11.5670622481
sub45, topic3, 10007, 0.779279120088, 7, 0.392983145758, 18098, 10905, 288.991930307
sub45, topic4, 10006, 1.94160693998, 5, 0.283085826586, 18151, 13080, 44.1840214067
sub46, topic1, 10003, 3.74267029036, 4, 0.220887136391, 17936, 13975, 23.8887298748
sub46, topic2, 10004, 2.47917042726, 5, 0.283085826586, 17816, 12850, 47.1168093385
sub46, topic0, 10007, 0.395040179643, 7, 0.392983145758, 18012, 10882, 291.158886234
sub46, topic5, 10006, 1.00285180984, 6, 0.340319026872, 17730, 11825, 102.710359408
sub46, topic6, 10005, 1.44986896841, 6, 0.340319026872, 17864, 11753, 100.18352761
sub46, topic3, 10001, 12.3054404249, 1, 0.0, 18098, 18098, 11.8889380042
sub46, topic4, 10002, 10.310034271, 1, 0.0, 18151, 18151, 12.7589664481
sub47, topic1, 10002, 5.37334710032, 3, 0.153292155809, 17936, 15312, 14.529715256
sub47, topic2, 10006, 1.04303709645, 6, 0.340319026872, 17816, 11790, 98.335793045
sub47, topic0, 10003, 2.96552208227, 4, 0.220887136391, 18012, 14066, 22.2927626902
sub47, topic5, 10004, 1.79443165068, 5, 0.283085826586, 17730, 12795, 49.3144196952
sub47, topic6, 10001, 11.3311652632, 1, 0.0, 17864, 17864, 11.7288401254
sub47, topic3, 10005, 1.78425790145, 6, 0.340319026872, 18098, 12025, 105.503534304
sub47, topic4, 10007, 0.356759444634, 7, 0.392983145758, 18151, 10967, 291.606820461
sub48, topic1, 10002, 9.78137582156, 2, 0.0798327085845, 17936, 16671, 10.8267650411
sub48, topic2, 10001, 9.81536364695, 2, 0.0798327085845, 17816, 16513, 9.27378429116
sub48, topic0, 10004, 6.836208688, 2, 0.0798327085845, 18012, 16734, 11.7208079359
sub48, topic5, 10005, 6.59223410463, 2, 0.0798327085845, 17730, 16465, 11.8023686608
sub48, topic6, 10006, 1.48187125876, 6, 0.340319026872, 17864, 11821, 105.847051857
sub48, topic3, 10007, 0.521158079253, 7, 0.392983145758, 18098, 10857, 287.277332596
sub48, topic4, 10003, 7.70798316938, 2, 0.0798327085845, 18151, 16817, 10.492121068
sub49, topic1, 10007, 0.880533829524, 6, 0.340319026872, 17936, 11708, 99.3210625214
sub49, topic2, 10004, 2.0700007203, 5, 0.283085826586, 17816, 12823, 45.7736099197
sub49, topic0, 10003, 2.50467500502, 5, 0.283085826586, 18012, 13043, 46.7405504869
sub49, topic5, 10005, 1.55414594536, 6, 0.340319026872, 17730, 11641, 100.861781634
sub49, topic6, 10006, 1.19302964444, 6, 0.340319026872, 17864, 11713, 98.807222744
sub49, topic3, 10002, 2.85142763507, 5, 0.283085826586, 18098, 13077, 46.4527796895
sub49, topic4, 10001, 4.16532179865, 4, 0.220887136391, 18151, 14160, 26.3872881356
sub50, topic1, 10001, 11.9651820317, 1, 0.0, 17936, 17936, 8.23477921499
sub50, topic2, 10007, 0.648752471713, 7, 0.392983145758, 17816, 10812, 293.645209027
sub50, topic0, 10006, 4.29036329404, 4, 0.220887136391, 18012, 14014, 24.2897102897
sub50, topic5, 10003, 7.75665103113, 2, 0.0798327085845, 17730, 16476, 12.9710487983
sub50, topic6, 10002, 8.44355274189, 2, 0.0798327085845, 17864, 16690, 13.1166566806
sub50, topic3, 10005, 4.34475321889, 4, 0.220887136391, 18098, 14051, 23.4836666429
sub50, topic4, 10004, 4.70313169449, 3, 0.153292155809, 18151, 15447, 14.526251052
sub51, topic1, 10001, 9.36310205894, 2, 0.0798327085845, 17936, 16680, 10.9505995204
sub51, topic2, 10005, 3.57847568062, 4, 0.220887136391, 17816, 13840, 23.8185693642
sub51, topic0, 10007, 1.3508080069, 6, 0.340319026872, 18012, 11884, 106.109979805
sub51, topic5, 10003, 6.37333550679, 2, 0.0798327085845, 17730, 16465, 11.2530215609
sub51, topic6, 10002, 8.66947866666, 2, 0.0798327085845, 17864, 16643, 9.74073183921
sub51, topic3, 10004, 5.80081595596, 3, 0.153292155809, 18098, 15405, 12.8395326193
sub51, topic4, 10006, 3.53642740779, 4, 0.220887136391, 18151, 14170, 26.29350741
sub52, topic1, 10004, 2.33687926892, 5, 0.283085826586, 17936, 12774, 48.2757945827
sub52, topic2, 10006, 0.819428101906, 7, 0.392983145758, 17816, 10707, 294.468665359
sub52, topic0, 10007, 0.134484185078, 7, 0.392983145758, 18012, 10809, 302.231381256
sub52, topic5, 10002, 3.50539889963, 4, 0.220887136391, 17730, 13802, 21.7740907115
sub52, topic6, 10005, 1.82322794578, 5, 0.283085826586, 17864, 12899, 46.5518257229
sub52, topic3, 10003, 2.38592136347, 5, 0.283085826586, 18098, 13031, 44.872688205
sub52, topic4, 10001, 7.19216789279, 2, 0.0798327085845, 18151, 16863, 8.85755796715
sub53, topic1, 10003, 4.71572168383, 3, 0.153292155809, 17936, 15268, 15.2217710244
sub53, topic2, 10001, 5.86751064829, 3, 0.153292155809, 17816, 15156, 16.9415413038
sub53, topic0, 10004, 2.88889652001, 4, 0.220887136391, 18012, 14108, 23.7843067763
sub53, topic5, 10007, 0.344624860409, 7, 0.392983145758, 17730, 10626, 291.822228496
sub53, topic6, 10002, 4.89670942114, 3, 0.153292155809, 17864, 15111, 16.1868837271
sub53, topic3, 10006, 0.468710960329, 7, 0.392983145758, 18098, 10892, 290.268086669
sub53, topic4, 10005, 2.61650296323, 5, 0.283085826586, 18151, 13083, 47.126270733
sub54, topic1, 10007, 1.95572444508, 5, 0.283085826586, 17936, 12906, 46.2040136371
sub54, topic2, 10002, 18.1368650959, 1, 0.0, 17816, 17816, 7.47968118545
sub54, topic0, 10001, 19.8095670396, 1, 0.0, 18012, 18012, 7.34565844992
sub54, topic5, 10003, 14.2930393497, 1, 0.0, 17730, 17730, 12.6221658206
sub54, topic6, 10006, 3.63656184434, 4, 0.220887136391, 17864, 13905, 23.673067242
sub54, topic3, 10005, 7.95679687195, 2, 0.0798327085845, 18098, 16895, 10.4681266647
sub54, topic4, 10004, 9.36014695893, 2, 0.0798327085845, 18151, 16886, 13.4769631648
sub55, topic1, 10002, 4.70589375979, 3, 0.153292155809, 17936, 15301, 14.0010456833
sub55, topic2, 10007, 0.692615846226, 7, 0.392983145758, 17816, 10803, 299.106544478
sub55, topic0, 10001, 11.4391650667, 1, 0.0, 18012, 18012, 7.49911170331
sub55, topic5, 10003, 3.49254390019, 4, 0.220887136391, 17730, 13862, 24.5674505843
sub55, topic6, 10005, 1.7390590846, 6, 0.340319026872, 17864, 11841, 103.241702559
sub55, topic3, 10006, 0.929515471017, 6, 0.340319026872, 18098, 12127, 105.651933702
sub55, topic4, 10004, 2.66703945105, 5, 0.283085826586, 18151, 13068, 48.430976431
sub56, topic1, 10006, 1.51795465888, 6, 0.340319026872, 17936, 11785, 106.300890963
sub56, topic2, 10007, 1.51383665956, 6, 0.340319026872, 17816, 11769, 107.584926502
sub56, topic0, 10003, 5.31471864345, 3, 0.153292155809, 18012, 15246, 13.0499803227
sub56, topic5, 10002, 10.0578503748, 1, 0.0, 17730, 17730, 9.46655386351
sub56, topic6, 10001, 14.5162472186, 1, 0.0, 17864, 17864, 8.5052060009
sub56, topic3, 10005, 2.55595774497, 5, 0.283085826586, 18098, 13089, 44.3968981588
sub56, topic4, 10004, 4.70004463659, 3, 0.153292155809, 18151, 15392, 13.8631107069
sub57, topic1, 10005, 3.8228222475, 4, 0.220887136391, 17936, 13918, 24.071202759
sub57, topic2, 10007, 0.345768585449, 7, 0.392983145758, 17816, 10807, 294.596927917
sub57, topic0, 10004, 8.28077357893, 2, 0.0798327085845, 18012, 16716, 11.7529313233
sub57, topic5, 10006, 0.620463612378, 7, 0.392983145758, 17730, 10661, 298.113216396
sub57, topic6, 10001, 21.8396541171, 1, 0.0, 17864, 17864, 12.9473242275
sub57, topic3, 10003, 12.6399984781, 1, 0.0, 18098, 18098, 11.6942756106
sub57, topic4, 10002, 17.9794181546, 1, 0.0, 18151, 18151, 12.5382072613
sub58, topic1, 10001, 20.2937808375, 1, 0.0, 17936, 17936, 6.79265165031
sub58, topic2, 10006, 0.179806840786, 7, 0.392983145758, 17816, 10740, 295.113314711
sub58, topic0, 10003, 1.11884914695, 6, 0.340319026872, 18012, 11767, 106.141752358
sub58, topic5, 10002, 11.2546432461, 1, 0.0, 17730, 17730, 7.8853355894
sub58, topic6, 10005, 0.382569091613, 7, 0.392983145758, 17864, 10748, 295.76321176
sub58, topic3, 10004, 0.801859122845, 7, 0.392983145758, 18098, 10919, 291.802454437
sub58, topic4, 10007, 0.169104697553, 7, 0.392983145758, 18151, 10895, 292.938871042
sub59, topic1, 10007, 0.459176035288, 7, 0.392983145758, 17936, 10778, 290.854704027
sub59, topic2, 10001, 4.74819828082, 3, 0.153292155809, 17816, 15173, 10.6248599486
sub59, topic0, 10002, 4.45524584582, 3, 0.153292155809, 18012, 15336, 13.6442357851
sub59, topic5, 10004, 2.15571574808, 5, 0.283085826586, 17730, 12793, 47.9155788322
sub59, topic6, 10003, 2.50895098209, 5, 0.283085826586, 17864, 12805, 43.7076142132
sub59, topic3, 10005, 1.36525221698, 6, 0.340319026872, 18098, 11962, 104.007356629
sub59, topic4, 10006, 1.2101400604, 6, 0.340319026872, 18151, 12045, 107.96969697
sub60, topic1, 10007, 1.31994379173, 6, 0.340319026872, 17936, 11882, 104.966840599
sub60, topic2, 10003, 4.64984139422, 3, 0.153292155809, 17816, 15101, 12.021389312
sub60, topic0, 10002, 8.27087144705, 2, 0.0798327085845, 18012, 16754, 8.04763041662
sub60, topic5, 10005, 3.97646606841, 4, 0.220887136391, 17730, 13883, 23.1003385435
sub60, topic6, 10001, 10.3455860932, 1, 0.0, 17864, 17864, 13.2118226601
sub60, topic3, 10006, 3.6146154905, 4, 0.220887136391, 18098, 14116, 22.5184188155
sub60, topic4, 10004, 4.31531238997, 4, 0.220887136391, 18151, 14125, 23.6237168142
sub61, topic1, 10002, 7.3642842066, 2, 0.0798327085845, 17936, 16651, 7.43751126058
sub61, topic2, 10005, 0.494932179676, 7, 0.392983145758, 17816, 10764, 297.062801932
sub61, topic0, 10006, 0.47237718842, 7, 0.392983145758, 18012, 10782, 297.911519199
sub61, topic5, 10003, 1.81828786015, 5, 0.283085826586, 17730, 12712, 49.164254248
sub61, topic6, 10007, 0.287551442729, 7, 0.392983145758, 17864, 10811, 297.556932754
sub61, topic3, 10001, 13.2378551412, 1, 0.0, 18098, 18098, 8.41849928169
sub61, topic4, 10004, 0.505906646511, 7, 0.392983145758, 18151, 10913, 302.297168515
sub62, topic1, 10005, 2.44925854887, 5, 0.283085826586, 17936, 12906, 50.2207500387
sub62, topic2, 10006, 1.85545638175, 5, 0.283085826586, 17816, 12778, 48.6794490531
sub62, topic0, 10004, 2.86109010147, 5, 0.283085826586, 18012, 12943, 44.0120528471
sub62, topic5, 10001, 10.8463036941, 1, 0.0, 17730, 17730, 10.2663846588
sub62, topic6, 10007, 1.20539492261, 6, 0.340319026872, 17864, 11870, 104.689385004
sub62, topic3, 10003, 4.57631969892, 3, 0.153292155809, 18098, 15390, 11.2573099415
sub62, topic4, 10002, 4.86800583312, 3, 0.153292155809, 18151, 15422, 11.4194008559
sub63, topic1, 10004, 1.67114339217, 6, 0.340319026872, 17936, 11776, 105.303753397
sub63, topic2, 10007, 0.0200786219361, 7, 0.392983145758, 17816, 10694, 294.204600711
sub63, topic0, 10006, 0.0948402370411, 7, 0.392983145758, 18012, 10758, 296.96263246
sub63, topic5, 10002, 2.44911531529, 5, 0.283085826586, 17730, 12859, 40.8416673147
sub63, topic6, 10003, 1.99292451586, 5, 0.283085826586, 17864, 12934, 44.3616823875
sub63, topic3, 10001, 8.96442017684, 2, 0.0798327085845, 18098, 16854, 8.9213243147
sub63, topic4, 10005, 0.572036751865, 7, 0.392983145758, 18151, 10954, 298.856216907
sub64, topic1, 10004, 2.58467376742, 5, 0.283085826586, 17936, 12799, 44.7578717087
sub64, topic2, 10001, 16.8762268737, 1, 0.0, 17816, 17816, 13.0649977548
sub64, topic0, 10002, 12.8267302514, 1, 0.0, 18012, 18012, 12.7373972907
sub64, topic5, 10007, 0.389744968965, 7, 0.392983145758, 17730, 10581, 293.866647765
sub64, topic6, 10006, 0.615721876507, 7, 0.392983145758, 17864, 10802, 294.278374375
sub64, topic3, 10005, 1.64019398549, 6, 0.340319026872, 18098, 11811, 101.086952841
sub64, topic4, 10003, 6.62718963627, 2, 0.0798327085845, 18151, 16830, 9.42852049911
sub65, topic1, 10006, 3.22099351406, 4, 0.220887136391, 17936, 13917, 25.0797585687
sub65, topic2, 10002, 12.5313662807, 1, 0.0, 17816, 17816, 7.76599685676
sub65, topic0, 10001, 14.0605558441, 1, 0.0, 18012, 18012, 8.87769264934
sub65, topic5, 10003, 11.2492057932, 1, 0.0, 17730, 17730, 12.7882120699
sub65, topic6, 10007, 0.843922940376, 7, 0.392983145758, 17864, 10766, 292.991268809
sub65, topic3, 10005, 6.54142782713, 2, 0.0798327085845, 18098, 16829, 12.1153960425
sub65, topic4, 10004, 6.76696536826, 2, 0.0798327085845, 18151, 16914, 13.2531630602
sub66, topic1, 10001, 14.1281344705, 1, 0.0, 17936, 17935, 9.20763869529
sub66, topic2, 10002, 5.74376981232, 3, 0.153292155809, 17816, 15162, 14.2114496768
sub66, topic0, 10005, 1.89958049952, 5, 0.283085826586, 18012, 12950, 48.0305791506
sub66, topic5, 10004, 2.06977065302, 5, 0.283085826586, 17730, 12853, 43.3176690267
sub66, topic6, 10007, 0.440113678364, 7, 0.392983145758, 17864, 10681, 292.756389851
sub66, topic3, 10006, 1.51286124414, 6, 0.340319026872, 18098, 11950, 106.028284519
sub66, topic4, 10003, 4.59458145227, 3, 0.153292155809, 18151, 15457, 11.1712492722
sub67, topic1, 10004, 3.4092735828, 4, 0.220887136391, 17936, 14008, 23.5124214734
sub67, topic2, 10007, 0.676644361278, 7, 0.392983145758, 17816, 10792, 294.794014085
sub67, topic0, 10005, 2.53455208704, 5, 0.283085826586, 18012, 13070, 45.5048201989
sub67, topic5, 10002, 3.81250701318, 4, 0.220887136391, 17730, 13839, 19.2771876581
sub67, topic6, 10006, 1.61460926617, 6, 0.340319026872, 17864, 11848, 104.204591492
sub67, topic3, 10001, 4.98873930417, 3, 0.153292155809, 18098, 15392, 14.5885524948
sub67, topic4, 10003, 3.59948663783, 4, 0.220887136391, 18151, 14156, 20.0271969483
sub68, topic1, 10006, 0.609002906654, 7, 0.392983145758, 17936, 10770, 293.603249768
sub68, topic2, 10004, 2.1352550072, 5, 0.283085826586, 17816, 12832, 41.866973192
sub68, topic0, 10002, 6.95037197873, 2, 0.0798327085845, 18012, 16748, 12.7552543587
sub68, topic5, 10001, 11.979608692, 1, 0.0, 17730, 17730, 13.0291032149
sub68, topic6, 10003, 3.58150685881, 4, 0.220887136391, 17864, 14023, 18.7173215432
sub68, topic3, 10005, 1.54602646382, 6, 0.340319026872, 18098, 11955, 99.4997072355
sub68, topic4, 10007, 0.589950945596, 7, 0.392983145758, 18151, 10915, 296.393586807
sub69, topic1, 10003, 4.43762676112, 3, 0.153292155809, 17936, 15268, 9.96371495939
sub69, topic2, 10001, 12.6506676845, 1, 0.0, 17816, 17816, 8.73035473731
sub69, topic0, 10004, 3.90866965651, 4, 0.220887136391, 18012, 14007, 25.6051260084
sub69, topic5, 10006, 0.92848357031, 6, 0.340319026872, 17730, 11783, 104.668420606
sub69, topic6, 10007, 0.0281259670009, 7, 0.392983145758, 17864, 10849, 295.016407042
sub69, topic3, 10005, 2.45441323036, 5, 0.283085826586, 18098, 12961, 47.3128616619
sub69, topic4, 10002, 5.21619738606, 3, 0.153292155809, 18151, 15417, 12.0703119933
sub70, topic1, 10004, 0.788322630794, 7, 0.392983145758, 17936, 10835, 293.327272727
sub70, topic2, 10006, 0.625377956907, 7, 0.392983145758, 17816, 10696, 301.808339566
sub70, topic0, 10007, 0.0941818297321, 7, 0.392983145758, 18012, 10948, 298.524205334
sub70, topic5, 10003, 2.14042883175, 5, 0.283085826586, 17730, 12756, 46.2447475698
sub70, topic6, 10001, 19.6850723182, 1, 0.0, 17864, 17864, 12.191390506
sub70, topic3, 10002, 6.87496004498, 2, 0.0798327085845, 18098, 16836, 9.52506533618
sub70, topic4, 10005, 0.639215273742, 7, 0.392983145758, 18151, 10899, 291.284613267
sub71, topic1, 10003, 5.62449165596, 3, 0.153292155809, 17936, 15271, 12.2773885142
sub71, topic2, 10005, 3.10527969034, 4, 0.220887136391, 17816, 13916, 23.8487352688
sub71, topic0, 10006, 1.85725628691, 5, 0.283085826586, 18012, 13044, 46.2933149341
sub71, topic5, 10004, 4.14471318002, 4, 0.220887136391, 17730, 13790, 18.7725888325
sub71, topic6, 10007, 1.70310094609, 6, 0.340319026872, 17864, 11769, 103.701164075
sub71, topic3, 10002, 8.58643468579, 2, 0.0798327085845, 18098, 16788, 12.4603883726
sub71, topic4, 10001, 9.71175308657, 2, 0.0798327085845, 18151, 16925, 13.6603249631
sub72, topic1, 10006, 2.66933187366, 5, 0.283085826586, 17936, 13007, 43.8684554471
sub72, topic2, 10002, 8.59166898334, 2, 0.0798327085845, 17816, 16600, 12.6415662651
sub72, topic0, 10003, 7.3525447218, 2, 0.0798327085845, 18012, 16806, 13.2810900869
sub72, topic5, 10004, 4.38052475412, 4, 0.220887136391, 17730, 13829, 19.5451587244
sub72, topic6, 10005, 4.2065229907, 4, 0.220887136391, 17864, 13914, 20.6593359207
sub72, topic3, 10007, 1.24784731804, 6, 0.340319026872, 18098, 11896, 100.169636853
sub72, topic4, 10001, 14.7781166936, 1, 0.0, 18151, 18151, 11.4666960498
sub73, topic1, 10003, 8.67208063978, 2, 0.0798327085845, 17936, 16727, 8.84037783225
sub73, topic2, 10006, 1.46787222474, 6, 0.340319026872, 17816, 11811, 106.774278215
sub73, topic0, 10002, 15.4991705525, 1, 0.0, 18012, 18012, 9.66633355541
sub73, topic5, 10001, 17.0015589055, 1, 0.0, 17730, 17730, 10.5636209814
sub73, topic6, 10007, 0.0393615007991, 7, 0.392983145758, 17864, 10843, 299.421654524
sub73, topic3, 10004, 5.01494482497, 3, 0.153292155809, 18098, 15361, 10.1854045961
sub73, topic4, 10005, 4.17385615609, 4, 0.220887136391, 18151, 14159, 27.5623984745
sub74, topic1, 10002, 8.64076581124, 2, 0.0798327085845, 17936, 16672, 9.74790067179
sub74, topic2, 10001, 9.83909592958, 2, 0.0798327085845, 17816, 16559, 11.4318497494
sub74, topic0, 10004, 6.32506863092, 3, 0.153292155809, 18012, 15252, 13.6541437189
sub74, topic5, 10006, 3.15961261773, 4, 0.220887136391, 17730, 13821, 25.6697778742
sub74, topic6, 10007, 2.21600874587, 5, 0.283085826586, 17864, 12769, 46.937661524
sub74, topic3, 10003, 6.32902981007, 3, 0.153292155809, 18098, 15379, 13.4417712465
sub74, topic4, 10005, 3.39116657196, 4, 0.220887136391, 18151, 14128, 22.8460503964
sub75, topic1, 10001, 12.9513046438, 1, 0.0, 17936, 17935, 13.0077502091
sub75, topic2, 10002, 7.60364829215, 2, 0.0798327085845, 17816, 16537, 12.6113563524
sub75, topic0, 10004, 2.55398613357, 5, 0.283085826586, 18012, 13057, 43.5686604886
sub75, topic5, 10006, 1.41445654809, 6, 0.340319026872, 17730, 11689, 102.082128497
sub75, topic6, 10007, 1.38911644276, 6, 0.340319026872, 17864, 11655, 99.6773916774
sub75, topic3, 10005, 1.69842219027, 6, 0.340319026872, 18098, 11916, 96.7002349782
sub75, topic4, 10003, 4.63873364353, 3, 0.153292155809, 18151, 15448, 13.1598265148
sub76, topic1, 10003, 3.91933946901, 4, 0.220887136391, 17936, 14045, 25.8951940192
sub76, topic2, 10005, 1.76701888334, 6, 0.340319026872, 17816, 11691, 98.0905824994
sub76, topic0, 10006, 1.49528460788, 6, 0.340319026872, 18012, 11884, 98.8391955571
sub76, topic5, 10007, 0.01, 7, 0.392983145758, 17730, 10652, 292.589279009
sub76, topic6, 10001, 11.4110000729, 1, 0.0, 17864, 17864, 12.0485333632
sub76, topic3, 10004, 1.80617262231, 5, 0.283085826586, 18098, 13038, 48.5953367081
sub76, topic4, 10002, 4.7580719026, 3, 0.153292155809, 18151, 15471, 16.4358477151
sub77, topic1, 10007, 0.0419617816223, 7, 0.392983145758, 17936, 10846, 292.94200627
sub77, topic2, 10001, 10.098633442, 1, 0.0, 17816, 17816, 9.58868432869
sub77, topic0, 10005, 1.49963646768, 6, 0.340319026872, 18012, 11860, 97.8502529511
sub77, topic5, 10004, 3.3683431313, 4, 0.220887136391, 17730, 13856, 19.8101183603
sub77, topic6, 10006, 0.210924040378, 7, 0.392983145758, 17864, 10702, 302.038590918
sub77, topic3, 10003, 3.71856503071, 4, 0.220887136391, 18098, 14209, 21.2280244915
sub77, topic4, 10002, 8.51991461226, 2, 0.0798327085845, 18151, 16879, 9.92096688192
sub78, topic1, 10002, 7.75207927231, 2, 0.0798327085845, 17936, 16546, 11.5380152303
sub78, topic2, 10007, 0.290948890422, 7, 0.392983145758, 17816, 10651, 295.331048728
sub78, topic0, 10005, 2.87541016658, 5, 0.283085826586, 18012, 13075, 41.2891013384
sub78, topic5, 10003, 5.16476012664, 3, 0.153292155809, 17730, 15096, 11.4504504505
sub78, topic6, 10004, 3.67927898057, 4, 0.220887136391, 17864, 13870, 22.213482336
sub78, topic3, 10006, 0.616328619983, 7, 0.392983145758, 18098, 10938, 292.038489669
sub78, topic4, 10001, 13.2204370783, 1, 0.0, 18151, 18151, 11.5572144785
sub79, topic1, 10002, 9.48535566011, 2, 0.0798327085845, 17936, 16629, 10.9643394071
sub79, topic2, 10006, 4.40349518485, 3, 0.153292155809, 17816, 15143, 10.6784652975
sub79, topic0, 10005, 4.91456253333, 3, 0.153292155809, 18012, 15354, 14.0743780122
sub79, topic5, 10003, 6.04497223987, 3, 0.153292155809, 17730, 15121, 14.9021228755
sub79, topic6, 10007, 1.73279876487, 6, 0.340319026872, 17864, 11772, 98.2735304111
sub79, topic3, 10004, 5.19828088394, 3, 0.153292155809, 18098, 15360, 12.4850260417
sub79, topic4, 10001, 15.5367730233, 1, 0.0, 18151, 18151, 13.2102363506
sub80, topic1, 10004, 2.62594798153, 5, 0.283085826586, 17936, 12932, 50.3273275595
sub80, topic2, 10003, 3.86931672737, 4, 0.220887136391, 17816, 13939, 25.2487265944
sub80, topic0, 10002, 5.91692503159, 3, 0.153292155809, 18012, 15244, 14.5833770664
sub80, topic5, 10005, 0.982572527931, 6, 0.340319026872, 17730, 11654, 107.886991591
sub80, topic6, 10007, 0.602091274259, 7, 0.392983145758, 17864, 10837, 293.486296946
sub80, topic3, 10001, 6.66734338157, 2, 0.0798327085845, 18098, 16908, 10.4548142891
sub80, topic4, 10006, 0.75336168782, 7, 0.392983145758, 18151, 10892, 288.968417187
sub81, topic1, 10001, 8.95515859696, 2, 0.0798327085845, 17936, 16685, 12.009050045
sub81, topic2, 10002, 7.88057517984, 2, 0.0798327085845, 17816, 16571, 10.3857944602
sub81, topic0, 10003, 7.22042519515, 2, 0.0798327085845, 18012, 16748, 10.9236923812
sub81, topic5, 10004, 2.45396688221, 5, 0.283085826586, 17730, 12755, 45.0820070561
sub81, topic6, 10007, 0.661028493491, 7, 0.392983145758, 17864, 10825, 299.873533487
sub81, topic3, 10006, 1.05364741479, 6, 0.340319026872, 18098, 11889, 98.4095382286
sub81, topic4, 10005, 1.68268869157, 6, 0.340319026872, 18151, 11945, 101.797237338
sub82, topic1, 10002, 2.89570378164, 4, 0.220887136391, 17936, 14047, 24.562397665
sub82, topic2, 10004, 1.58117894401, 6, 0.340319026872, 17816, 11721, 102.131644058
sub82, topic0, 10001, 3.45123380375, 4, 0.220887136391, 18012, 13983, 26.3645140528
sub82, topic5, 10007, 0.0506704341812, 7, 0.392983145758, 17730, 10730, 287.735321528
sub82, topic6, 10003, 2.69336496951, 5, 0.283085826586, 17864, 12822, 46.6961472469
sub82, topic3, 10006, 0.122983459032, 7, 0.392983145758, 18098, 10862, 286.079635426
sub82, topic4, 10005, 0.753653053424, 7, 0.392983145758, 18151, 10796, 297.538625417
sub83, topic1, 10003, 5.79478360032, 3, 0.153292155809, 17936, 15202, 16.4951980003
sub83, topic2, 10004, 4.83061239144, 3, 0.153292155809, 17816, 15173, 16.7413168128
sub83, topic0, 10002, 7.01671054995, 2, 0.0798327085845, 18012, 16713, 11.3836534434
sub83, topic5, 10001, 14.4595203915, 1, 0.0, 17730, 17730, 11.157642414
sub83, topic6, 10006, 2.26759538488, 5, 0.283085826586, 17864, 12811, 40.9818905628
sub83, topic3, 10005, 2.71288403397, 5, 0.283085826586, 18098, 13068, 43.0149984695
sub83, topic4, 10007, 1.79243291185, 6, 0.340319026872, 18151, 12006, 104.302598701
sub84, topic1, 10004, 4.54297833561, 3, 0.153292155809, 17936, 15294, 14.3424872499
sub84, topic2, 10003, 6.50334179345, 2, 0.0798327085845, 17816, 16556, 11.6962430539
sub84, topic0, 10001, 14.0569798354, 1, 0.0, 18012, 18012, 10.1037086387
sub84, topic5, 10007, 1.80351145577, 5, 0.283085826586, 17730, 12708, 44.4013220019
sub84, topic6, 10002, 10.3327475766, 1, 0.0, 17864, 17864, 10.9760971787
sub84, topic3, 10006, 3.7217117052, 4, 0.220887136391, 18098, 14096, 25.3286748014
sub84, topic4, 10005, 4.1396607095, 4, 0.220887136391, 18151, 14036, 27.8182530636
sub85, topic1, 10001, 21.7143140176, 1, 0.0, 17936, 17935, 8.84159464734
sub85, topic2, 10007, 0.827100557631, 7, 0.392983145758, 17816, 10793, 294.728713055
sub85, topic0, 10004, 3.40176855116, 4, 0.220887136391, 18012, 14012, 23.1230373965
sub85, topic5, 10003, 3.40521877595, 4, 0.220887136391, 17730, 13862, 22.9832635983
sub85, topic6, 10002, 3.62974478735, 4, 0.220887136391, 17864, 13983, 22.5114782236
sub85, topic3, 10006, 1.25371723837, 6, 0.340319026872, 18098, 11985, 104.305131414
sub85, topic4, 10005, 2.71410578119, 5, 0.283085826586, 18151, 12893, 49.631660591
sub86, topic1, 10001, 10.9342678087, 1, 0.0, 17936, 17935, 11.7014775578
sub86, topic2, 10003, 4.64310405501, 3, 0.153292155809, 17816, 15203, 15.5530487404
sub86, topic0, 10006, 1.30941343647, 6, 0.340319026872, 18012, 11885, 100.411274716
sub86, topic5, 10007, 0.872069311283, 6, 0.340319026872, 17730, 11687, 99.2007358604
sub86, topic6, 10004, 2.99145606077, 4, 0.220887136391, 17864, 13827, 22.1004556303
sub86, topic3, 10002, 5.18119830205, 3, 0.153292155809, 18098, 15341, 13.5661951633
sub86, topic4, 10005, 2.79421651754, 5, 0.283085826586, 18151, 13250, 47.4275471698
sub87, topic1, 10005, 3.91394634459, 4, 0.220887136391, 17936, 13917, 25.4705755551
sub87, topic2, 10004, 4.60855276835, 3, 0.153292155809, 17816, 15083, 14.6608764835
sub87, topic0, 10001, 22.395080031, 1, 0.0, 18012, 18012, 8.85104374861
sub87, topic5, 10003, 5.26538255318, 3, 0.153292155809, 17730, 15121, 12.6602076582
sub87, topic6, 10007, 1.17188331912, 6, 0.340319026872, 17864, 11731, 103.444122411
sub87, topic3, 10002, 6.00831215038, 3, 0.153292155809, 18098, 15229, 16.1727624926
sub87, topic4, 10006, 1.84831283973, 5, 0.283085826586, 18151, 13064, 45.9272045315
sub88, topic1, 10001, 7.69562148973, 2, 0.0798327085845, 17936, 16654, 11.6244746007
sub88, topic2, 10006, 1.91832196511, 5, 0.283085826586, 17816, 12900, 47.9853488372
sub88, topic0, 10002, 7.45906559017, 2, 0.0798327085845, 18012, 16813, 10.2522452864
sub88, topic5, 10005, 2.89105583535, 4, 0.220887136391, 17730, 13891, 26.4572744943
sub88, topic6, 10007, 1.14198095035, 6, 0.340319026872, 17864, 11812, 98.5651879445
sub88, topic3, 10004, 3.7177301158, 4, 0.220887136391, 18098, 14061, 22.9994310504
sub88, topic4, 10003, 4.38722832364, 4, 0.220887136391, 18151, 14113, 25.6526606675
sub89, topic1, 10007, 1.2307353643, 6, 0.340319026872, 17936, 11900, 108.339243697
sub89, topic2, 10006, 4.71199378298, 3, 0.153292155809, 17816, 15156, 16.4537476907
sub89, topic0, 10001, 14.890941566, 1, 0.0, 18012, 18012, 8.7899733511
sub89, topic5, 10005, 5.54442128766, 3, 0.153292155809, 17730, 15105, 14.3020191989
sub89, topic6, 10002, 11.325944073, 1, 0.0, 17864, 17864, 10.0738356471
sub89, topic3, 10003, 7.47607376013, 2, 0.0798327085845, 18098, 16855, 10.5848116286
sub89, topic4, 10004, 6.18688337875, 3, 0.153292155809, 18151, 15454, 14.9719166559
sub90, topic1, 10003, 3.8018870431, 4, 0.220887136391, 17936, 13988, 27.3249213612
sub90, topic2, 10005, 1.41985415789, 6, 0.340319026872, 17816, 11759, 105.52461944
sub90, topic0, 10002, 3.96768324755, 4, 0.220887136391, 18012, 13913, 25.2921009128
sub90, topic5, 10006, 1.149908535, 6, 0.340319026872, 17730, 11663, 101.426133928
sub90, topic6, 10001, 7.71783434317, 2, 0.0798327085845, 17864, 16626, 8.83327318658
sub90, topic3, 10004, 1.90824893639, 5, 0.283085826586, 18098, 13064, 45.4218462952
sub90, topic4, 10007, 0.249426543261, 7, 0.392983145758, 18151, 10839, 289.672940308
sub91, topic1, 10007, 1.34508113245, 6, 0.340319026872, 17936, 11793, 102.809972017
sub91, topic2, 10003, 2.96831636314, 4, 0.220887136391, 17816, 13926, 25.7934798219
sub91, topic0, 10004, 2.72283831223, 5, 0.283085826586, 18012, 13028, 48.9243936138
sub91, topic5, 10005, 2.07561195486, 5, 0.283085826586, 17730, 12771, 46.5528932738
sub91, topic6, 10002, 3.12085857893, 4, 0.220887136391, 17864, 13936, 19.9987083812
sub91, topic3, 10006, 1.9412692481, 5, 0.283085826586, 18098, 13044, 46.8017479301
sub91, topic4, 10001, 13.157256903, 1, 0.0, 18151, 18151, 7.82634565589
sub92, topic1, 10006, 1.04956897991, 6, 0.340319026872, 17936, 11862, 108.186393526
sub92, topic2, 10002, 6.32216140305, 3, 0.153292155809, 17816, 15214, 13.9309188905
sub92, topic0, 10004, 2.7352716176, 5, 0.283085826586, 18012, 12933, 47.6355833913
sub92, topic5, 10005, 1.32595058803, 6, 0.340319026872, 17730, 11688, 104.251112252
sub92, topic6, 10003, 2.93309363506, 4, 0.220887136391, 17864, 14017, 21.5237211957
sub92, topic3, 10001, 17.2580542627, 1, 0.0, 18098, 18098, 7.38728036247
sub92, topic4, 10007, 0.148827311884, 7, 0.392983145758, 18151, 10823, 298.280236533
sub93, topic1, 10004, 2.94061648798, 4, 0.220887136391, 17936, 14001, 23.7006642383
sub93, topic2, 10002, 5.72404003829, 3, 0.153292155809, 17816, 15060, 11.4696547145
sub93, topic0, 10007, 0.254308747528, 7, 0.392983145758, 18012, 10895, 299.122716843
sub93, topic5, 10006, 0.93228833737, 6, 0.340319026872, 17730, 11739, 104.573898969
sub93, topic6, 10003, 4.66059605066, 3, 0.153292155809, 17864, 15219, 12.1641369341
sub93, topic3, 10005, 1.6046885003, 6, 0.340319026872, 18098, 11924, 101.673767192
sub93, topic4, 10001, 20.9347364194, 1, 0.0, 18151, 18151, 7.55451490276
sub94, topic1, 10005, 2.87595644963, 4, 0.220887136391, 17936, 13876, 25.5452579994
sub94, topic2, 10002, 9.8086127078, 2, 0.0798327085845, 17816, 16578, 13.11635903
sub94, topic0, 10004, 3.37921894836, 4, 0.220887136391, 18012, 14106, 25.2946972919
sub94, topic5, 10001, 16.9710313442, 1, 0.0, 17730, 17730, 6.85736040609
sub94, topic6, 10006, 1.50751580987, 6, 0.340319026872, 17864, 11797, 102.064253624
sub94, topic3, 10007, 0.61761716536, 7, 0.392983145758, 18098, 10855, 292.805251036
sub94, topic4, 10003, 4.42643539008, 3, 0.153292155809, 18151, 15394, 15.9499155515
sub95, topic1, 10005, 0.773471253953, 7, 0.392983145758, 17936, 10779, 295.024306522
sub95, topic2, 10002, 9.73523496279, 2, 0.0798327085845, 17816, 16592, 7.91025795564
sub95, topic0, 10006, 0.459229648772, 7, 0.392983145758, 18012, 10792, 294.405670867
sub95, topic5, 10004, 5.86327861564, 3, 0.153292155809, 17730, 15035, 16.2804788826
sub95, topic6, 10003, 6.61410046624, 2, 0.0798327085845, 17864, 16647, 13.0786327867
sub95, topic3, 10007, 0.192398910997, 7, 0.392983145758, 18098, 10856, 293.458732498
sub95, topic4, 10001, 11.4882169894, 1, 0.0, 18151, 18151, 7.30626411768
sub96, topic1, 10004, 2.75283504462, 5, 0.283085826586, 17936, 12835, 46.6917802883
sub96, topic2, 10006, 2.55506435962, 5, 0.283085826586, 17816, 12825, 46.1674074074
sub96, topic0, 10007, 1.98282235489, 5, 0.283085826586, 18012, 12988, 49.2853403141
sub96, topic5, 10002, 9.76855294161, 2, 0.0798327085845, 17730, 16496, 10.0280674103
sub96, topic6, 10001, 27.8173354357, 1, 0.0, 17864, 17864, 7.08883788625
sub96, topic3, 10005, 2.69213454606, 5, 0.283085826586, 18098, 13026, 46.9540918164
sub96, topic4, 10003, 3.28207184965, 4, 0.220887136391, 18151, 14146, 23.3467411282
sub97, topic1, 10004, 1.98679207044, 5, 0.283085826586, 17936, 12951, 47.0886418037
sub97, topic2, 10003, 2.38397815164, 5, 0.283085826586, 17816, 12830, 43.478254092
sub97, topic0, 10002, 4.19777518274, 4, 0.220887136391, 18012, 14028, 19.5868976333
sub97, topic5, 10006, 0.461695579969, 7, 0.392983145758, 17730, 10663, 297.542999156
sub97, topic6, 10007, 0.0678136879587, 7, 0.392983145758, 17864, 10637, 296.535301307
sub97, topic3, 10005, 0.951121995931, 6, 0.340319026872, 18098, 12073, 103.026174108
sub97, topic4, 10001, 4.34419613217, 4, 0.220887136391, 18151, 14088, 20.3705990914
sub98, topic1, 10007, 0.206599852808, 7, 0.392983145758, 17936, 10798, 293.264956473
sub98, topic2, 10005, 2.07958275552, 5, 0.283085826586, 17816, 12737, 47.1062259559
sub98, topic0, 10006, 1.16595038914, 6, 0.340319026872, 18012, 11890, 101.623380992
sub98, topic5, 10003, 5.21017856534, 3, 0.153292155809, 17730, 15128, 15.4066631412
sub98, topic6, 10002, 6.78896952826, 2, 0.0798327085845, 17864, 16627, 13.6350514224
sub98, topic3, 10004, 2.69373934667, 5, 0.283085826586, 18098, 13022, 48.2579480879
sub98, topic4, 10001, 9.43649462798, 2, 0.0798327085845, 18151, 16857, 8.20519665421
sub99, topic1, 10001, 22.1351660774, 1, 0.0, 17936, 17935, 11.0964594369
sub99, topic2, 10003, 7.28395345014, 2, 0.0798327085845, 17816, 16590, 8.38270042194
sub99, topic0, 10006, 4.36585243598, 4, 0.220887136391, 18012, 14037, 22.7553608321
sub99, topic5, 10004, 5.54839986173, 3, 0.153292155809, 17730, 15115, 15.608931525
sub99, topic6, 10002, 11.0077755199, 1, 0.0, 17864, 17864, 8.2290080609
sub99, topic3, 10005, 5.19241623868, 3, 0.153292155809, 18098, 15364, 16.6852382192
sub99, topic4, 10007, 2.68488109884, 5, 0.283085826586, 18151, 13125, 48.3703619048
