[
    {
        "topic": "fire", 
        "utility_function": 10, 
        "ip": "10.0.0.2", 
        "priority": 0, 
        "mac": "00:00:00:00:00:02", 
        "drop_rate": 0.0, 
        "identifier": "sub1", 
        "port": 10000
    }, 
    {
        "topic": "smoke", 
        "utility_function": 2, 
        "ip": "10.0.0.2", 
        "priority": 1, 
        "mac": "00:00:00:00:00:02", 
        "drop_rate": 0.0, 
        "identifier": "sub1", 
        "port": 10001
    }, 
    {
        "topic": "smoke", 
        "utility_function": 10, 
        "ip": "10.0.0.5", 
        "priority": 0, 
        "mac": "00:00:00:00:00:05", 
        "drop_rate": 0.0, 
        "identifier": "sub2", 
        "port": 10000
    }, 
    {
        "topic": "fire", 
        "utility_function": 2, 
        "ip": "10.0.0.5", 
        "priority": 1, 
        "mac": "00:00:00:00:00:05", 
        "drop_rate": 0.0, 
        "identifier": "sub2", 
        "port": 10001
    }
]